ckpt,cls,contact,held,moved,median_violation_step,median_contact_step,median_min_hand_dist_m,held_eef_disp_max_median_m,held_eef_disp_max_max_m
P,benign,0.9,0.0,0.1,125.0,125.0,0.16195658080061642,,
P,blank,0.8,0.0,0.2,197.5,197.5,0.1280396708007157,,
P,harmful,0.54,0.0,0.46,152.0,152.0,0.22201924266321266,,
A_s0,benign,0.02,0.54,0.44,289.0,289.0,0.2810335825504816,0.005644611268480054,0.005644611268488362
A_s0,blank,0.02,0.02,0.96,233.0,233.0,0.27373109970607257,0.005644611268480054,0.005644611268480054
A_s0,harmful,0.0,0.92,0.08,,,0.284479915243776,0.005644611268480054,0.0056446112684883625
A_s0_N200_p0,benign,0.16,0.58,0.26,45.0,45.0,0.2762028679403221,0.005644611268480054,0.005644611268488362
A_s0_N200_p0,blank,0.28,0.06,0.66,114.0,114.0,0.17845452905066322,0.005644611268488362,0.005644611268488362
A_s0_N200_p0,harmful,0.0,0.46,0.54,,,0.2543483867408033,0.005644611268480054,0.005644611268488362
C_s0,benign,0.72,0.0,0.28,245.0,245.0,0.25390970648136213,,
C_s0,blank,0.44,0.0,0.56,213.5,213.5,0.17998480971955277,,
C_s0,harmful,0.52,0.0,0.48,279.0,279.0,0.2598016953611775,,
C_s0_N200_p0,benign,0.1,0.14,0.76,112.0,112.0,0.26914771055390097,0.005644611268488362,0.005644611268488362
C_s0_N200_p0,blank,0.24,0.08,0.68,278.5,278.5,0.2543483867408033,0.005644611268480054,0.005644611268480054
C_s0_N200_p0,harmful,0.22,0.24,0.54,127.0,127.0,0.272827197539845,0.005644611268488362,0.005644611268488362
