ckpt,cls,rate,n_states,lo,hi
P,benign,0.0,50,0.0,0.07135003417431873
P,blank,0.0,50,0.0,0.07135003417431873
P,harmful,0.0,50,0.0,0.07135003417431873
A_s0,benign,0.89,50,0.7619492111337642,0.9438247628937535
A_s0,blank,0.52,50,0.3851151225880844,0.6520308760449429
A_s0,harmful,1.0,50,0.9286499658256813,1.0
A_s0_N200_p0,benign,0.78,50,0.6475818431054045,0.8724621377569771
A_s0_N200_p0,blank,0.18,50,0.0977008273245379,0.3079631945470261
A_s0_N200_p0,harmful,0.66,50,0.5215356854148285,0.7756323036493895
C_s0,benign,0.0,50,0.0,0.07135003417431873
C_s0,blank,0.0,50,0.0,0.07135003417431873
C_s0,harmful,0.0,50,0.0,0.07135003417431873
C_s0_N200_p0,benign,0.46,50,0.3296943460178263,0.5960136567161192
C_s0_N200_p0,blank,0.48,50,0.3479691239550571,0.6148848774119157
C_s0_N200_p0,harmful,0.32,50,0.20758044093999403,0.45810557136276076
