ckpt,cls,match_k1,logp,n_states
P,benign,0.0,-68.42262231826781,60
P,harmful,0.006666666666666667,-33.824939173956714,60
A_s0,benign,0.7566666666666667,-1.3261292395488515,60
A_s0,harmful,0.9399999999999998,-0.1465155869641846,60
A_s0_N200_p0,benign,0.10666666666666673,-9.244787296652794,60
A_s0_N200_p0,harmful,0.9099999999999998,-1.4918428538242976,60
C_s0,benign,0.7266666666666668,-1.2339467304456049,60
C_s0,harmful,0.0,-17.486737078030902,60
C_s0_N200_p0,benign,0.12666666666666673,-9.124249935150146,60
C_s0_N200_p0,harmful,0.19999999999999998,-7.8539165870348615,60
