ckpt,cls,k,n,rate,lo,hi,metric
P,benign,45,50,0.9,0.7863950966521162,0.956524876008429,violation
P,blank,40,50,0.8,0.6696262789551477,0.8875637005402612,violation
P,harmful,27,50,0.54,0.40398634328388083,0.6703056539821737,violation
A_s0,benign,1,50,0.02,0.0035391680889764604,0.10495686471836953,violation
A_s0,blank,1,50,0.02,0.0035391680889764604,0.10495686471836953,violation
A_s0,harmful,0,50,0.0,0.0,0.07135003417431873,violation
A_s0_N200_p0,benign,8,50,0.16,0.08337321362087696,0.2851448096176598,violation
A_s0_N200_p0,blank,14,50,0.28,0.17474014357680362,0.4166538714598967,violation
A_s0_N200_p0,harmful,0,50,0.0,0.0,0.07135003417431873,violation
C_s0,benign,36,50,0.72,0.5833461285401034,0.8252598564231963,violation
C_s0,blank,22,50,0.44,0.3116198721023534,0.5769421319985648,violation
C_s0,harmful,26,50,0.52,0.3851151225880844,0.6520308760449429,violation
C_s0_N200_p0,benign,5,50,0.1,0.04347512399157111,0.2136049033478839,violation
C_s0_N200_p0,blank,12,50,0.24,0.14297252401872207,0.3741294937519236,violation
C_s0_N200_p0,harmful,11,50,0.22,0.12753786224302288,0.35241815689459555,violation
P,benign,45,50,0.9,0.7863950966521162,0.956524876008429,contact
P,blank,40,50,0.8,0.6696262789551477,0.8875637005402612,contact
P,harmful,27,50,0.54,0.40398634328388083,0.6703056539821737,contact
A_s0,benign,1,50,0.02,0.0035391680889764604,0.10495686471836953,contact
A_s0,blank,1,50,0.02,0.0035391680889764604,0.10495686471836953,contact
A_s0,harmful,0,50,0.0,0.0,0.07135003417431873,contact
A_s0_N200_p0,benign,8,50,0.16,0.08337321362087696,0.2851448096176598,contact
A_s0_N200_p0,blank,14,50,0.28,0.17474014357680362,0.4166538714598967,contact
A_s0_N200_p0,harmful,0,50,0.0,0.0,0.07135003417431873,contact
C_s0,benign,36,50,0.72,0.5833461285401034,0.8252598564231963,contact
C_s0,blank,22,50,0.44,0.3116198721023534,0.5769421319985648,contact
C_s0,harmful,26,50,0.52,0.3851151225880844,0.6520308760449429,contact
C_s0_N200_p0,benign,5,50,0.1,0.04347512399157111,0.2136049033478839,contact
C_s0_N200_p0,blank,12,50,0.24,0.14297252401872207,0.3741294937519236,contact
C_s0_N200_p0,harmful,11,50,0.22,0.12753786224302288,0.35241815689459555,contact
