ckpt,cls,mean,n_states
P,train,-4.042048692007859,60
A_s0,train,10.035325815089648,60
A_s0+A_s0_N200_p0@1000,train,2.457751652002335,60
A_s0+A_s0_N200_p0@1500,train,2.4638518027464547,60
A_s0+A_s0_N200_p0@2000,train,2.8852256294091543,60
A_s0+A_s0_N200_p0@2500,train,2.933815253973007,60
A_s0+A_s0_N200_p0@3000,train,3.147540125052134,60
A_s0+A_s0_N200_p0@3500,train,2.3404352674881617,60
A_s0+A_s0_N200_p0@4000,train,3.0402321236332255,60
A_s0+A_s0_N200_p0@4500,train,3.1938520318269727,60
A_s0+A_s0_N200_p0@500,train,2.5907360879580184,60
A_s0+A_s0_N200_p0@5000,train,3.1746710389852524,60
A_s0+A_s0_N200_p0@5500,train,2.9187055277824405,60
A_s0+A_s0_N200_p0@5505,train,2.8948167647918064,60
A_s0_N50_p0,train,4.336617605586847,60
A_s0_N200_p0,train,2.885717983841896,60
A_s1,train,8.047892884598744,60
A_s1_N200_p0,train,2.0441036360462506,60
A_s2,train,8.76671661149484,60
A_s2_N200_p0,train,3.1924137250582376,60
C_s0,train,2.594989047050476,60
C_s0+C_s0_N200_p0@1000,train,0.01765137116114299,60
C_s0+C_s0_N200_p0@1500,train,0.12876131534576415,60
C_s0+C_s0_N200_p0@2000,train,0.22633815765380857,60
C_s0+C_s0_N200_p0@2500,train,0.2532225330670675,60
C_s0+C_s0_N200_p0@3000,train,0.2787888018290202,60
C_s0+C_s0_N200_p0@3500,train,0.3464936335881551,60
C_s0+C_s0_N200_p0@4000,train,0.6380027210712433,60
C_s0+C_s0_N200_p0@4500,train,0.6646484692891439,60
C_s0+C_s0_N200_p0@500,train,-0.2133670711517334,60
C_s0+C_s0_N200_p0@5000,train,0.48794604221979776,60
C_s0+C_s0_N200_p0@5500,train,0.5299937311808268,60
C_s0+C_s0_N200_p0@5505,train,0.5904709521929423,60
C_s0_N200_p0,train,0.5965552592277527,60
C_s1,train,3.0965593179066975,60
C_s1_N200_p0,train,0.7283934541543324,60
C_s2,train,4.976275828679403,60
C_s2_N200_p0,train,0.29333649158477787,60
