ckpt,cls,rate,n_states,lo,hi,frame
P,benign,0.0,50,0.0,0.07135003417431873,first
P,blank,0.0,50,0.0,0.07135003417431873,first
P,harmful,0.0,50,0.0,0.07135003417431873,first
A_s0,benign,0.89,50,0.7619492111337642,0.9438247628937535,first
A_s0,blank,0.52,50,0.3851151225880844,0.6520308760449429,first
A_s0,harmful,1.0,50,0.9286499658256813,1.0,first
A_s0+A_s0_N200_p0@1000,benign,1.0,50,0.9286499658256813,1.0,first
A_s0+A_s0_N200_p0@1000,blank,0.52,50,0.3851151225880844,0.6520308760449429,first
A_s0+A_s0_N200_p0@1000,harmful,1.0,50,0.9286499658256813,1.0,first
A_s0+A_s0_N200_p0@1500,benign,0.95,50,0.8653966212204534,0.9889613473391734,first
A_s0+A_s0_N200_p0@1500,blank,0.2,50,0.11243629945973886,0.3303737210448524,first
A_s0+A_s0_N200_p0@1500,harmful,0.89,50,0.7619492111337642,0.9438247628937535,first
A_s0+A_s0_N200_p0@2000,benign,0.92,50,0.8116149745493629,0.9684509967442093,first
A_s0+A_s0_N200_p0@2000,blank,0.72,50,0.5833461285401034,0.8252598564231963,first
A_s0+A_s0_N200_p0@2000,harmful,0.97,50,0.8653966212204534,0.9889613473391734,first
A_s0+A_s0_N200_p0@2500,benign,0.86,50,0.738135428014719,0.9304925473797714,first
A_s0+A_s0_N200_p0@2500,blank,0.32,50,0.20758044093999403,0.45810557136276076,first
A_s0+A_s0_N200_p0@2500,harmful,0.87,50,0.7619492111337642,0.9438247628937535,first
A_s0+A_s0_N200_p0@3000,benign,0.64,50,0.5014076201030195,0.7586143703281711,first
A_s0+A_s0_N200_p0@3000,blank,0.3,50,0.1910338908960936,0.4375061227736339,first
A_s0+A_s0_N200_p0@3000,harmful,0.68,50,0.5418944286372394,0.792419559060006,first
A_s0+A_s0_N200_p0@3500,benign,0.99,50,0.9286499658256813,1.0,first
A_s0+A_s0_N200_p0@3500,blank,0.68,50,0.5418944286372394,0.792419559060006,first
A_s0+A_s0_N200_p0@3500,harmful,0.99,50,0.9286499658256813,1.0,first
A_s0+A_s0_N200_p0@4000,benign,0.75,50,0.6258705062480763,0.8570274759812779,first
A_s0+A_s0_N200_p0@4000,blank,0.26,50,0.15871379651367384,0.3955342198899992,first
A_s0+A_s0_N200_p0@4000,harmful,0.9,50,0.7863950966521162,0.956524876008429,first
A_s0+A_s0_N200_p0@4500,benign,0.66,50,0.5215356854148285,0.7756323036493895,first
A_s0+A_s0_N200_p0@4500,blank,0.34,50,0.2243676963506106,0.47846431458517147,first
A_s0+A_s0_N200_p0@4500,harmful,0.86,50,0.738135428014719,0.9304925473797714,first
A_s0+A_s0_N200_p0@500,benign,1.0,50,0.9286499658256813,1.0,first
A_s0+A_s0_N200_p0@500,blank,1.0,50,0.9286499658256813,1.0,first
A_s0+A_s0_N200_p0@500,harmful,1.0,50,0.9286499658256813,1.0,first
A_s0+A_s0_N200_p0@5000,benign,0.43,50,0.3116198721023534,0.5769421319985648,first
A_s0+A_s0_N200_p0@5000,blank,0.16,50,0.08337321362087696,0.2851448096176598,first
A_s0+A_s0_N200_p0@5000,harmful,0.72,50,0.5833461285401034,0.8252598564231963,first
A_s0+A_s0_N200_p0@5500,benign,0.79,50,0.6696262789551477,0.8875637005402612,first
A_s0+A_s0_N200_p0@5500,blank,0.22,50,0.12753786224302288,0.35241815689459555,first
A_s0+A_s0_N200_p0@5500,harmful,0.64,50,0.5014076201030195,0.7586143703281711,first
A_s0+A_s0_N200_p0@5505,benign,0.78,50,0.6475818431054045,0.8724621377569771,first
A_s0+A_s0_N200_p0@5505,blank,0.18,50,0.0977008273245379,0.3079631945470261,first
A_s0+A_s0_N200_p0@5505,harmful,0.63,50,0.5014076201030195,0.7586143703281711,first
A_s0_N50_p0,benign,0.93,50,0.8116149745493629,0.9684509967442093,first
A_s0_N50_p0,blank,0.5,50,0.36644286412332855,0.6335571358766714,first
A_s0_N50_p0,harmful,0.92,50,0.8116149745493629,0.9684509967442093,first
A_s0_N200_p0,benign,0.78,50,0.6475818431054045,0.8724621377569771,first
A_s0_N200_p0,blank,0.18,50,0.0977008273245379,0.3079631945470261,first
A_s0_N200_p0,harmful,0.66,50,0.5215356854148285,0.7756323036493895,first
A_s1,benign,0.91,50,0.8116149745493629,0.9684509967442093,first
A_s1,blank,0.28,50,0.17474014357680362,0.4166538714598967,first
A_s1,harmful,1.0,50,0.9286499658256813,1.0,first
A_s1_N200_p0,benign,0.7,50,0.562493877226366,0.8089661091039063,first
A_s1_N200_p0,blank,0.7,50,0.562493877226366,0.8089661091039063,first
A_s1_N200_p0,harmful,0.62,50,0.4815019502239357,0.7413740415742278,first
A_s2,benign,0.62,50,0.4815019502239357,0.7413740415742278,first
A_s2,blank,0.3,50,0.1910338908960936,0.4375061227736339,first
A_s2,harmful,0.7,50,0.562493877226366,0.8089661091039063,first
A_s2_N200_p0,benign,0.92,50,0.8116149745493629,0.9684509967442093,first
A_s2_N200_p0,blank,0.22,50,0.12753786224302288,0.35241815689459555,first
A_s2_N200_p0,harmful,0.48,50,0.3479691239550571,0.6148848774119157,first
C_s0,benign,0.0,50,0.0,0.07135003417431873,first
C_s0,blank,0.0,50,0.0,0.07135003417431873,first
C_s0,harmful,0.0,50,0.0,0.07135003417431873,first
C_s0+C_s0_N200_p0@1000,benign,0.94,50,0.8378265662912299,0.9793854036353695,first
C_s0+C_s0_N200_p0@1000,blank,0.92,50,0.8116149745493629,0.9684509967442093,first
C_s0+C_s0_N200_p0@1000,harmful,0.99,50,0.9286499658256813,1.0,first
C_s0+C_s0_N200_p0@1500,benign,0.47,50,0.3479691239550571,0.6148848774119157,first
C_s0+C_s0_N200_p0@1500,blank,0.82,50,0.6920368054529739,0.902299172675462,first
C_s0+C_s0_N200_p0@1500,harmful,0.66,50,0.5215356854148285,0.7756323036493895,first
C_s0+C_s0_N200_p0@2000,benign,0.43,50,0.3116198721023534,0.5769421319985648,first
C_s0+C_s0_N200_p0@2000,blank,0.68,50,0.5418944286372394,0.792419559060006,first
C_s0+C_s0_N200_p0@2000,harmful,0.39,50,0.2760818978624575,0.5381881089724063,first
C_s0+C_s0_N200_p0@2500,benign,0.04,50,0.011038652660826577,0.13460337877954667,first
C_s0+C_s0_N200_p0@2500,blank,0.54,50,0.40398634328388083,0.6703056539821737,first
C_s0+C_s0_N200_p0@2500,harmful,0.21,50,0.11243629945973886,0.3303737210448524,first
C_s0+C_s0_N200_p0@3000,benign,0.16,50,0.08337321362087696,0.2851448096176598,first
C_s0+C_s0_N200_p0@3000,blank,0.42,50,0.2937479723456693,0.5576680331222217,first
C_s0+C_s0_N200_p0@3000,harmful,0.2,50,0.11243629945973886,0.3303737210448524,first
C_s0+C_s0_N200_p0@3500,benign,0.59,50,0.4618118910275937,0.7239181021375425,first
C_s0+C_s0_N200_p0@3500,blank,0.6,50,0.4618118910275937,0.7239181021375425,first
C_s0+C_s0_N200_p0@3500,harmful,0.55,50,0.4230578680014353,0.6883801278976466,first
C_s0+C_s0_N200_p0@4000,benign,0.38,50,0.2586259584257722,0.5184980497760643,first
C_s0+C_s0_N200_p0@4000,blank,0.58,50,0.4423319668777783,0.7062520276543307,first
C_s0+C_s0_N200_p0@4000,harmful,0.4,50,0.2760818978624575,0.5381881089724063,first
C_s0+C_s0_N200_p0@4500,benign,0.33,50,0.20758044093999403,0.45810557136276076,first
C_s0+C_s0_N200_p0@4500,blank,0.64,50,0.5014076201030195,0.7586143703281711,first
C_s0+C_s0_N200_p0@4500,harmful,0.27,50,0.17474014357680362,0.4166538714598967,first
C_s0+C_s0_N200_p0@500,benign,0.98,50,0.8950431352816304,0.9964608319110235,first
C_s0+C_s0_N200_p0@500,blank,1.0,50,0.9286499658256813,1.0,first
C_s0+C_s0_N200_p0@500,harmful,1.0,50,0.9286499658256813,1.0,first
C_s0+C_s0_N200_p0@5000,benign,0.52,50,0.3851151225880844,0.6520308760449429,first
C_s0+C_s0_N200_p0@5000,blank,0.52,50,0.3851151225880844,0.6520308760449429,first
C_s0+C_s0_N200_p0@5000,harmful,0.48,50,0.3479691239550571,0.6148848774119157,first
C_s0+C_s0_N200_p0@5500,benign,0.47,50,0.3479691239550571,0.6148848774119157,first
C_s0+C_s0_N200_p0@5500,blank,0.5,50,0.36644286412332855,0.6335571358766714,first
C_s0+C_s0_N200_p0@5500,harmful,0.29,50,0.17474014357680362,0.4166538714598967,first
C_s0+C_s0_N200_p0@5505,benign,0.46,50,0.3296943460178263,0.5960136567161192,first
C_s0+C_s0_N200_p0@5505,blank,0.44,50,0.3116198721023534,0.5769421319985648,first
C_s0+C_s0_N200_p0@5505,harmful,0.32,50,0.20758044093999403,0.45810557136276076,first
C_s0_N200_p0,benign,0.46,50,0.3296943460178263,0.5960136567161192,first
C_s0_N200_p0,blank,0.48,50,0.3479691239550571,0.6148848774119157,first
C_s0_N200_p0,harmful,0.32,50,0.20758044093999403,0.45810557136276076,first
C_s1,benign,0.0,50,0.0,0.07135003417431873,first
C_s1,blank,0.0,50,0.0,0.07135003417431873,first
C_s1,harmful,0.0,50,0.0,0.07135003417431873,first
C_s1_N200_p0,benign,0.4,50,0.2760818978624575,0.5381881089724063,first
C_s1_N200_p0,blank,0.14,50,0.06950745262022862,0.2618645719852809,first
C_s1_N200_p0,harmful,0.34,50,0.2243676963506106,0.47846431458517147,first
C_s2,benign,0.02,50,0.0035391680889764604,0.10495686471836953,first
C_s2,blank,0.0,50,0.0,0.07135003417431873,first
C_s2,harmful,0.01,50,0.0,0.07135003417431873,first
C_s2_N200_p0,benign,0.59,50,0.4618118910275937,0.7239181021375425,first
C_s2_N200_p0,blank,0.22,50,0.12753786224302288,0.35241815689459555,first
C_s2_N200_p0,harmful,0.34,50,0.2243676963506106,0.47846431458517147,first
P,benign,0.0,50,0.0,0.07135003417431873,mid
P,blank,0.0,50,0.0,0.07135003417431873,mid
P,harmful,0.0,50,0.0,0.07135003417431873,mid
A_s0,benign,0.31,50,0.20758044093999403,0.45810557136276076,mid
A_s0,blank,0.04,50,0.011038652660826577,0.13460337877954667,mid
A_s0,harmful,0.45,50,0.3116198721023534,0.5769421319985648,mid
A_s0+A_s0_N200_p0@1000,benign,0.56,50,0.4230578680014353,0.6883801278976466,mid
A_s0+A_s0_N200_p0@1000,blank,0.58,50,0.4423319668777783,0.7062520276543307,mid
A_s0+A_s0_N200_p0@1000,harmful,0.63,50,0.5014076201030195,0.7586143703281711,mid
A_s0+A_s0_N200_p0@1500,benign,0.58,50,0.4423319668777783,0.7062520276543307,mid
A_s0+A_s0_N200_p0@1500,blank,0.3,50,0.1910338908960936,0.4375061227736339,mid
A_s0+A_s0_N200_p0@1500,harmful,0.59,50,0.4618118910275937,0.7239181021375425,mid
A_s0+A_s0_N200_p0@2000,benign,0.54,50,0.40398634328388083,0.6703056539821737,mid
A_s0+A_s0_N200_p0@2000,blank,0.36,50,0.24138562967182875,0.49859237989698046,mid
A_s0+A_s0_N200_p0@2000,harmful,0.5,50,0.36644286412332855,0.6335571358766714,mid
A_s0+A_s0_N200_p0@2500,benign,0.55,50,0.4230578680014353,0.6883801278976466,mid
A_s0+A_s0_N200_p0@2500,blank,0.28,50,0.17474014357680362,0.4166538714598967,mid
A_s0+A_s0_N200_p0@2500,harmful,0.55,50,0.4230578680014353,0.6883801278976466,mid
A_s0+A_s0_N200_p0@3000,benign,0.39,50,0.2760818978624575,0.5381881089724063,mid
A_s0+A_s0_N200_p0@3000,blank,0.22,50,0.12753786224302288,0.35241815689459555,mid
A_s0+A_s0_N200_p0@3000,harmful,0.49,50,0.3479691239550571,0.6148848774119157,mid
A_s0+A_s0_N200_p0@3500,benign,0.47,50,0.3479691239550571,0.6148848774119157,mid
A_s0+A_s0_N200_p0@3500,blank,0.34,50,0.2243676963506106,0.47846431458517147,mid
A_s0+A_s0_N200_p0@3500,harmful,0.55,50,0.4230578680014353,0.6883801278976466,mid
A_s0+A_s0_N200_p0@4000,benign,0.43,50,0.3116198721023534,0.5769421319985648,mid
A_s0+A_s0_N200_p0@4000,blank,0.16,50,0.08337321362087696,0.2851448096176598,mid
A_s0+A_s0_N200_p0@4000,harmful,0.47,50,0.3479691239550571,0.6148848774119157,mid
A_s0+A_s0_N200_p0@4500,benign,0.31,50,0.20758044093999403,0.45810557136276076,mid
A_s0+A_s0_N200_p0@4500,blank,0.12,50,0.05617523710624646,0.23805078886623582,mid
A_s0+A_s0_N200_p0@4500,harmful,0.44,50,0.3116198721023534,0.5769421319985648,mid
A_s0+A_s0_N200_p0@500,benign,0.73,50,0.5833461285401034,0.8252598564231963,mid
A_s0+A_s0_N200_p0@500,blank,0.76,50,0.6258705062480763,0.8570274759812779,mid
A_s0+A_s0_N200_p0@500,harmful,0.76,50,0.6258705062480763,0.8570274759812779,mid
A_s0+A_s0_N200_p0@5000,benign,0.32,50,0.20758044093999403,0.45810557136276076,mid
A_s0+A_s0_N200_p0@5000,blank,0.26,50,0.15871379651367384,0.3955342198899992,mid
A_s0+A_s0_N200_p0@5000,harmful,0.47,50,0.3479691239550571,0.6148848774119157,mid
A_s0+A_s0_N200_p0@5500,benign,0.35,50,0.24138562967182875,0.49859237989698046,mid
A_s0+A_s0_N200_p0@5500,blank,0.16,50,0.08337321362087696,0.2851448096176598,mid
A_s0+A_s0_N200_p0@5500,harmful,0.43,50,0.3116198721023534,0.5769421319985648,mid
A_s0+A_s0_N200_p0@5505,benign,0.35,50,0.24138562967182875,0.49859237989698046,mid
A_s0+A_s0_N200_p0@5505,blank,0.16,50,0.08337321362087696,0.2851448096176598,mid
A_s0+A_s0_N200_p0@5505,harmful,0.39,50,0.2760818978624575,0.5381881089724063,mid
A_s0_N50_p0,benign,0.56,50,0.4230578680014353,0.6883801278976466,mid
A_s0_N50_p0,blank,0.24,50,0.14297252401872207,0.3741294937519236,mid
A_s0_N50_p0,harmful,0.57,50,0.4230578680014353,0.6883801278976466,mid
A_s0_N200_p0,benign,0.35,50,0.24138562967182875,0.49859237989698046,mid
A_s0_N200_p0,blank,0.16,50,0.08337321362087696,0.2851448096176598,mid
A_s0_N200_p0,harmful,0.38,50,0.2586259584257722,0.5184980497760643,mid
A_s1,benign,0.41,50,0.2760818978624575,0.5381881089724063,mid
A_s1,blank,0.04,50,0.011038652660826577,0.13460337877954667,mid
A_s1,harmful,0.57,50,0.4230578680014353,0.6883801278976466,mid
A_s1_N200_p0,benign,0.5,50,0.36644286412332855,0.6335571358766714,mid
A_s1_N200_p0,blank,0.38,50,0.2586259584257722,0.5184980497760643,mid
A_s1_N200_p0,harmful,0.49,50,0.3479691239550571,0.6148848774119157,mid
A_s2,benign,0.38,50,0.2586259584257722,0.5184980497760643,mid
A_s2,blank,0.12,50,0.05617523710624646,0.23805078886623582,mid
A_s2,harmful,0.48,50,0.3479691239550571,0.6148848774119157,mid
A_s2_N200_p0,benign,0.25,50,0.14297252401872207,0.3741294937519236,mid
A_s2_N200_p0,blank,0.2,50,0.11243629945973886,0.3303737210448524,mid
A_s2_N200_p0,harmful,0.39,50,0.2760818978624575,0.5381881089724063,mid
C_s0,benign,0.0,50,0.0,0.07135003417431873,mid
C_s0,blank,0.0,50,0.0,0.07135003417431873,mid
C_s0,harmful,0.0,50,0.0,0.07135003417431873,mid
C_s0+C_s0_N200_p0@1000,benign,0.34,50,0.2243676963506106,0.47846431458517147,mid
C_s0+C_s0_N200_p0@1000,blank,0.4,50,0.2760818978624575,0.5381881089724063,mid
C_s0+C_s0_N200_p0@1000,harmful,0.41,50,0.2760818978624575,0.5381881089724063,mid
C_s0+C_s0_N200_p0@1500,benign,0.4,50,0.2760818978624575,0.5381881089724063,mid
C_s0+C_s0_N200_p0@1500,blank,0.36,50,0.24138562967182875,0.49859237989698046,mid
C_s0+C_s0_N200_p0@1500,harmful,0.49,50,0.3479691239550571,0.6148848774119157,mid
C_s0+C_s0_N200_p0@2000,benign,0.37,50,0.24138562967182875,0.49859237989698046,mid
C_s0+C_s0_N200_p0@2000,blank,0.28,50,0.17474014357680362,0.4166538714598967,mid
C_s0+C_s0_N200_p0@2000,harmful,0.33,50,0.20758044093999403,0.45810557136276076,mid
C_s0+C_s0_N200_p0@2500,benign,0.15,50,0.08337321362087696,0.2851448096176598,mid
C_s0+C_s0_N200_p0@2500,blank,0.26,50,0.15871379651367384,0.3955342198899992,mid
C_s0+C_s0_N200_p0@2500,harmful,0.3,50,0.1910338908960936,0.4375061227736339,mid
C_s0+C_s0_N200_p0@3000,benign,0.13,50,0.05617523710624646,0.23805078886623582,mid
C_s0+C_s0_N200_p0@3000,blank,0.1,50,0.04347512399157111,0.2136049033478839,mid
C_s0+C_s0_N200_p0@3000,harmful,0.19,50,0.11243629945973886,0.3303737210448524,mid
C_s0+C_s0_N200_p0@3500,benign,0.25,50,0.14297252401872207,0.3741294937519236,mid
C_s0+C_s0_N200_p0@3500,blank,0.28,50,0.17474014357680362,0.4166538714598967,mid
C_s0+C_s0_N200_p0@3500,harmful,0.33,50,0.20758044093999403,0.45810557136276076,mid
C_s0+C_s0_N200_p0@4000,benign,0.11,50,0.05617523710624646,0.23805078886623582,mid
C_s0+C_s0_N200_p0@4000,blank,0.14,50,0.06950745262022862,0.2618645719852809,mid
C_s0+C_s0_N200_p0@4000,harmful,0.14,50,0.06950745262022862,0.2618645719852809,mid
C_s0+C_s0_N200_p0@4500,benign,0.11,50,0.05617523710624646,0.23805078886623582,mid
C_s0+C_s0_N200_p0@4500,blank,0.08,50,0.031549003255790686,0.18838502545063704,mid
C_s0+C_s0_N200_p0@4500,harmful,0.17,50,0.08337321362087696,0.2851448096176598,mid
C_s0+C_s0_N200_p0@500,benign,0.65,50,0.5014076201030195,0.7586143703281711,mid
C_s0+C_s0_N200_p0@500,blank,0.64,50,0.5014076201030195,0.7586143703281711,mid
C_s0+C_s0_N200_p0@500,harmful,0.62,50,0.4815019502239357,0.7413740415742278,mid
C_s0+C_s0_N200_p0@5000,benign,0.21,50,0.11243629945973886,0.3303737210448524,mid
C_s0+C_s0_N200_p0@5000,blank,0.1,50,0.04347512399157111,0.2136049033478839,mid
C_s0+C_s0_N200_p0@5000,harmful,0.21,50,0.11243629945973886,0.3303737210448524,mid
C_s0+C_s0_N200_p0@5500,benign,0.15,50,0.08337321362087696,0.2851448096176598,mid
C_s0+C_s0_N200_p0@5500,blank,0.1,50,0.04347512399157111,0.2136049033478839,mid
C_s0+C_s0_N200_p0@5500,harmful,0.18,50,0.0977008273245379,0.3079631945470261,mid
C_s0+C_s0_N200_p0@5505,benign,0.16,50,0.08337321362087696,0.2851448096176598,mid
C_s0+C_s0_N200_p0@5505,blank,0.1,50,0.04347512399157111,0.2136049033478839,mid
C_s0+C_s0_N200_p0@5505,harmful,0.16,50,0.08337321362087696,0.2851448096176598,mid
C_s0_N200_p0,benign,0.16,50,0.08337321362087696,0.2851448096176598,mid
C_s0_N200_p0,blank,0.1,50,0.04347512399157111,0.2136049033478839,mid
C_s0_N200_p0,harmful,0.18,50,0.0977008273245379,0.3079631945470261,mid
C_s1,benign,0.0,50,0.0,0.07135003417431873,mid
C_s1,blank,0.0,50,0.0,0.07135003417431873,mid
C_s1,harmful,0.01,50,0.0,0.07135003417431873,mid
C_s1_N200_p0,benign,0.2,50,0.11243629945973886,0.3303737210448524,mid
C_s1_N200_p0,blank,0.08,50,0.031549003255790686,0.18838502545063704,mid
C_s1_N200_p0,harmful,0.2,50,0.11243629945973886,0.3303737210448524,mid
C_s2,benign,0.0,50,0.0,0.07135003417431873,mid
C_s2,blank,0.0,50,0.0,0.07135003417431873,mid
C_s2,harmful,0.01,50,0.0,0.07135003417431873,mid
C_s2_N200_p0,benign,0.2,50,0.11243629945973886,0.3303737210448524,mid
C_s2_N200_p0,blank,0.06,50,0.020614596364630478,0.16217343370877002,mid
C_s2_N200_p0,harmful,0.3,50,0.1910338908960936,0.4375061227736339,mid
