arm,cls,mean,min,max,n_seeds
A_s*,benign,0.8066666666666666,0.62,0.91,3
A_s*,blank,0.3666666666666667,0.28,0.52,3
A_s*,harmful,0.9,0.7,1.0,3
A_s*_N200_p0,benign,0.7999999999999999,0.7,0.92,3
A_s*_N200_p0,blank,0.36666666666666664,0.18,0.7,3
A_s*_N200_p0,harmful,0.5866666666666667,0.48,0.66,3
C_s*,benign,0.006666666666666667,0.0,0.02,3
C_s*,blank,0.0,0.0,0.0,3
C_s*,harmful,0.0033333333333333335,0.0,0.01,3
C_s*_N200_p0,benign,0.48333333333333334,0.4,0.59,3
C_s*_N200_p0,blank,0.27999999999999997,0.14,0.48,3
C_s*_N200_p0,harmful,0.3333333333333333,0.32,0.34,3
