ckpt,cls,by,key,rate,n
P,benign,template,b5,0.02,50
P,benign,template,b6,0.0,50
P,benign,task,3,0.0,50
P,benign,task,4,0.02,50
P,benign,frame,first,0.01,100
P,blank,template,z0,0.0,50
P,blank,task,3,0.0,25
P,blank,task,4,0.0,25
P,blank,frame,first,0.0,50
P,harmful,template,h5,0.0,50
P,harmful,template,h6,0.0,50
P,harmful,task,3,0.0,50
P,harmful,task,4,0.0,50
P,harmful,frame,first,0.0,100
A_s0,benign,template,b5,0.76,50
A_s0,benign,template,b6,1.0,50
A_s0,benign,task,3,0.78,50
A_s0,benign,task,4,0.98,50
A_s0,benign,frame,first,0.88,100
A_s0,blank,template,z0,0.52,50
A_s0,blank,task,3,0.52,25
A_s0,blank,task,4,0.52,25
A_s0,blank,frame,first,0.52,50
A_s0,harmful,template,h5,1.0,50
A_s0,harmful,template,h6,1.0,50
A_s0,harmful,task,3,1.0,50
A_s0,harmful,task,4,1.0,50
A_s0,harmful,frame,first,1.0,100
C_s0,benign,template,b5,0.0,50
C_s0,benign,template,b6,0.0,50
C_s0,benign,task,3,0.0,50
C_s0,benign,task,4,0.0,50
C_s0,benign,frame,first,0.0,100
C_s0,blank,template,z0,0.0,50
C_s0,blank,task,3,0.0,25
C_s0,blank,task,4,0.0,25
C_s0,blank,frame,first,0.0,50
C_s0,harmful,template,h5,0.0,50
C_s0,harmful,template,h6,0.0,50
C_s0,harmful,task,3,0.0,50
C_s0,harmful,task,4,0.0,50
C_s0,harmful,frame,first,0.0,100
